2022/1/19/22895378/pennsylvania-redistricting-congressional-map-senate-vote-court-update;Votebeat Pennsylvania;Entry:ce864d32-43ad-4e12-85ce-52b7fe60a5bb;DUKBDM7Z5ZDIPPNWSDBSVGLZ44
2023/5/17/23726884/kari-lake-lawsuit-fundraising-maricopa-signatures;Votebeat Arizona;Entry:7d3acad7-5312-483d-9497-91acfe230450;OKFU3SFH5ZHNBATMCV5GFGEU4U
2023/3/28/23659141/eric-voter-rolls-replacement-electronic-registration-information-center;Votebeat Texas;Entry:ccc43e55-deb7-4dad-a7ab-9fc858f04d7a;ZTVAOB5W2FEINN44V2G2P7G2RY
2022/11/23/23475953/pennsylvania-risk-limiting-audit-hand-count;Votebeat Pennsylvania;Entry:a079b56b-d6c8-41c3-b380-033dfa831627;THMMRMFJIBFDBLVV56XMTT4Y2M
2021/12/30/22860724/potter-county-2022-primary-republican-party-dan-rogers;Votebeat Texas;Entry:8cc3bc0c-131e-4f88-90b3-f36c8f0cc5f8;LP24G7BYN5E6NP5IDJDXZEFCUY
2023/6/15/23762434/pinal-county-arizona-election-security-ballot-counting;Votebeat Arizona;Entry:27bcc645-f5f6-46b0-a9e9-ea5e2befa2bd;F5NVDPTF3RGCTA245MVPCHTRWQ
2022/10/29/23430243/true-vote-konnech-lawsuit-gregg-phillips-engelbrecht-contempt;Votebeat Texas;Entry:16d623fe-3fab-40ea-924a-8b4c3ce43839;HRW2N2XJ2JBN5HJS3CHZX6ITAA
2022/4/3/23003243/arizona-proof-of-citizenship-voting-law-supreme-court-kansas;Votebeat Arizona;Entry:cc87fbf1-4728-4afe-84d5-652e7bb6e482;S4AND4EI3ZDYTKLWVJ3STYEQD4
2022/1/11/22877803/pennsylvania-redistricting-legislative-panel-constitutional-map;Votebeat Pennsylvania;Entry:46a29df6-d82e-450c-b2ec-c39ff573c3d3;D5CMSO2ANVDCDALHLNJR6ZESFY
2022/12/29/23531652/arizona-recount-discrepancy-pinal-county;Votebeat Arizona;Entry:abfb6725-66e7-41a3-a67e-3a89c0c3566d;IAZNN4VAPBBF7I5G2WSIXLMJTM
2022/8/29/23325012/gillespie-county-election-staff-resigns-anissa-hererra-harassment;Votebeat Texas;Entry:41524552-b92b-41e5-9cfa-f12b50e4dee6;PDN2PFVRYRE2NOKVXNJ4JVY2R4
2021/11/22/22797661/internal-election-threats-administrators-anonymous-sources;Votebeat;Entry:0a46e0f1-d8d4-4a03-8217-109a2518c85c;FCWV7EAAVZFINKEON76Z33ZMSY
2022/12/6/23495330/bipartisan-policy-center-election-summit-midterms-panel-discussion-livestream;Votebeat;Entry:885a42b1-2064-4a0a-8103-10a963af67c5;7GECOEJ45JGL3O4S3QK3HBPSBI
2021/11/17/22785348/graphic-of-the-week-high-confidence-in-virginia-election;Votebeat;Entry:6fc83d32-e4e3-4a85-8e36-71b5dedf594f;TXCRFLTPRBH7RHVNK7WLRKPQCU
2023/6/30/23778703/voting-by-mail-application-ballots-2023;Votebeat Texas;Entry:564d7289-36de-4563-a780-835f53f32df5;266A52YJ55GL5K3A35ULEH67DA
2023/3/20/23644958/politicized-elections-partisan-divide-bipartisan-compromise;Votebeat;Entry:54a618c5-d7bc-4e48-a4c3-56abab4658ae;MNQN7P5ROVF3ZAUYI3EJEFWYSM
2022/9/7/23341640/cast-vote-record-data-ballot-tabulator-images;Votebeat Arizona;Entry:a275e058-6066-44c6-8d69-726cee3f81d4;763TA325IZH57IEKVNWFPBY42Y
2023/2/28/23619213/pennsylvania-commonwealth-court-election-fraud-recount-petitions-midterms;Votebeat Pennsylvania;Entry:b7bc423e-b226-402d-8917-4a2c2b7d5185;THF67SAH3NG6TDOM4RQDEUEOKI
2023/7/31/23811244/vvsg-voting-machine-security-election-misinformation;Votebeat;Entry:220cad0e-9293-4574-800c-6d338e29eea9;KVY4BWLVWJGLZB4PEFCZXYDP4A
2022/9/26/23368611/hand-count-ballots-disabled-voters-conspiracy;Votebeat;Entry:ba154d57-01ca-4d1a-aed5-d6bfeb49a272;
2023/4/13/23681012/voting-machine-election-data-storage-worm-bill;Votebeat Texas;Entry:edccf25e-be4e-47bc-b508-3df2cde20d8d;
2023/6/8/23754200/delaware-county-pennsylvania-provisional-ballot-rejection-lawsuit-aclu;Votebeat Pennsylvania;Entry:c99cda05-680c-4a51-8666-8e6362eca8e4;CJXJZLQKXZHZTMGQPFT67RTYMU
2021/8/21/22638566/news-media-election-misinformation-connecticut-newspaper;Votebeat;Entry:02418053-2148-4a9a-8e78-6fefb6ca7fde;
2022/10/31/23432122/preprocessing-absentee-ballots-without-tabulator-scanning;Votebeat Michigan;Entry:799722b9-a0e7-4b06-a319-275ec5390702;OSYYBEAND5FVNE6BXZQRQ4BYBU
2022/7/7/23198952/arizona-primary-election-new-laws-sharpies-vote-centers;Votebeat Arizona;Entry:c28c9972-0efe-46a8-aa43-eee948f4fdd8;
2021/12/13/22832485/jeff-zink-election-integrity-symposium-hand-counted-ballots-potter-county;Votebeat;Entry:8c7103d3-3b64-4967-9512-e54ba2134ddc;
2023/8/4/23820282/deperno-rendon-lambert-charges-voting-machine-breaches;Votebeat Michigan;Entry:8c08310a-dda8-4b19-8405-55ab60bc026b;AK6J7U6OZJEJBI5BA4QHPS3A74
2020/5/23/23132794/carrie-levine-elections-reporting-campaign-finance;Votebeat;Entry:66f61e34-c069-4adf-aa90-358176fb18ad;
2023/1/25/23571731/cochise-county-lisa-marra-resignation-election-security;Votebeat Arizona;Entry:10a903e8-eac0-4fbe-8318-023be5b55827;
2022/6/3/23153797/ballot-drop-boxes-yavapai-county-2000-mules;Votebeat Arizona;Entry:f9fc96a8-21d7-4657-98e6-0df4db16d5a0;
2022/7/11/23200003/schools-polling-places-security-uvalde-shooting;Votebeat;Entry:e6702ac9-61d9-410c-b100-4030ab697903;
2023/4/17/23686951/heider-garcia-resigns-tarrant-county-north-texas;Votebeat Texas;Entry:38945c00-ed9a-4430-bf4f-9772b26acede;
2023/4/24/23696789/bob-bartelsmeyer-cochise-county-elections-director-hiring;Votebeat Arizona;Entry:cfc8ec38-d0aa-48a7-a6a2-69c15b315893;
2021/10/4/22708800/texas-election-audit-greg-abbott-trump;Votebeat Texas;Entry:f826cf03-ec15-49a1-9df8-ad10ba99165a;
2022/6/18/23172969/jan-6-hearings-false-allegations-elections;Votebeat;Entry:c9cf2b04-e3ef-42d5-9abd-c44c2a09bb13;
2022/8/1/23283656/constitutional-sheriffs-true-the-vote-funding-elections-grants;Votebeat;Entry:d513a2b3-ea9c-43d9-90cd-e973bdbe48c8;
2023/4/21/23692851/philadelphia-mayor-primary-election-how-to-vote-mail-ballot;Votebeat Pennsylvania;Entry:5e0389b7-0e38-4e8c-99f7-b713e1f675dd;
2022/1/12/22881371/pennsylvania-redistricting-congressional-map-house-approval;Votebeat Pennsylvania;Entry:97d65442-a52a-4021-99bc-f17010bd7398;
2020/12/1/23064580/michigan-rep-was-victim-of-anti-muslim-attacks-after-county-election-meetings;Votebeat;Entry:a720b83c-2f40-4d40-8345-80befe50c0ad;
2023/1/30/23573273/state-legislatures-election-laws-conspiracy-theories;Votebeat;Entry:f4388e4d-9724-4192-b79a-3c5b77488597;
2022/6/25/23181556/gabriel-sterling-jan-6-testimony-georgia-election-official;Votebeat;Entry:e6b773fb-9477-4412-9f18-34562804bdc5;
2023/7/31/23814539/pennsylvania-fake-electors-charges-trump-electoral-certificate;Votebeat Pennsylvania;Entry:b7a0441e-964d-404e-91a4-198e967e16de;
2021/9/10/22665863/secretaries-state-federal-election-funding-pelosi-schumer-letter;Votebeat;Entry:5f270c55-a28d-4ca6-b6e8-1faa9ca3bf38;
2022/7/29/23284337/logic-accuracy-tests-election-tabulators-oakland-port-huron;Votebeat Michigan;Entry:26a575dc-863a-405d-97a5-bc21a3af954a;6NUTO3VR4JFPJFOXCWVTRDT4R4
2022/12/5/23494340/heider-garcia-tarrant-texas-transparencia-electoral;Votebeat Texas;Entry:68fb427d-10fd-4841-8235-8060429c07db;
2022/8/3/23291342/michigan-primary-detroit-absentee-ballots-huntington-place-poll-challenger-ejected;Votebeat Michigan;Entry:d72b40e0-3e4a-4555-8189-99014008325a;MJBPOLKAE5GGHHDNZYCVZ5XJIQ
2023/2/10/23593445/sb1-election-machine-voting-data-worm-devices;Votebeat Texas;Entry:c4b9221b-b0dd-45d4-8994-959c06b1d2e2;
2022/6/1/23150220/maricopa-county-phoenix-vote-centers-in-person-voting;Votebeat Arizona;Entry:af82437b-9974-496d-b2f0-1a6acb1adc29;
2022/6/27/23181880/republican-poll-watcher-training-rnc-election-worker-recruiting;Votebeat Arizona;Entry:39806c7d-fca6-45e6-a145-4d20061637d2;
2020/5/23/23137040/lauren-aguirre-engagement-editor-audience-strategy;Votebeat;Entry:c11ffa06-ee08-4060-8757-b287bde930af;
2021/6/19/22640422/texas-democrats-legislature-walkout-quorum-republican-election-bill;Votebeat Texas;Entry:74390a4b-eba8-46c8-8ab7-6ef7de14b82f;
2022/5/12/23069219/pennsylvania-mail-ballot-counting-delayed-election-results;Votebeat Pennsylvania;Entry:50833421-4ca8-42e8-8edc-af63e437355c;
2021/10/21/22737225/votebeat-oral-history-election-administration-journalism-origin-popup-newsroom;Votebeat;Entry:c6c4576f-2d07-4f82-9f1c-c6fcf15b221c;3YM255ITCFDTTKBTGS36GT7QXQ
2021/7/12/22627725/texas-house-democrats-walk-out-special-session-deny-republicans-quorum;Votebeat Texas;Entry:82a73e73-6e7f-46bd-ad50-b7a7d415900f;
2020/11/27/23064586/detroit-organizers-found-new-ways-to-increase-voter-turnout-on-election-day;Votebeat;Entry:1697ae45-a96c-4761-bcef-95e48075f332;
2022/11/17/23465507/maricopa-county-provisional-ballots-voters;Votebeat Arizona;Entry:d0cabe87-f9af-4f73-8de5-e5af4e1cf38e;
2020/10/24/22715586/michigans-results-official-but-harm-done-to-black-voters-may-linger;Votebeat;Entry:527f7dc7-4a82-4fe9-ac55-34ea32bb3670;
2022/7/22/23274994/tarrant-county-ballot-review-2020-primary-election-integrity;Votebeat Texas;Entry:a452e293-0e59-4db1-8322-cf4fc8501108;
2022/10/7/23392912/arizona-how-to-vote-mail-ballot-in-person-midterms;Votebeat Arizona;Entry:5a0637a5-b202-4423-b606-eda0f0308552;
2020/12/14/22715567/as-electoral-college-meets-gop-and-dems-agree-michigan-vote-needs-reforms;Votebeat;Entry:78e14bd4-2d05-4d5e-b84a-be2f9a93ab36;
2022/1/25/22901794/new-york-ballot-measures-vote-expansions-tompkins-county;Votebeat;Entry:b37be19a-1ef8-4d23-b8f5-77ebeb81b1b4;
2022/10/27/23427525/clean-elections-usa-drop-box-watchers-voter-intimidation;Votebeat Arizona;Entry:ffa65c14-2bb1-4371-9b9a-f3cd7f6665ed;
2023/6/14/23761192/michigan-prop-2-early-in-person-voting-election-law;Votebeat Michigan;Entry:02be0e14-bc16-4581-9615-b5b14d444d1a;UBGR4NABENGGFHLJ73GMYUJ5WE
2022/11/15/23461197/luzerne-county-paper-shortage-investigation-election-day-voting-problems;Votebeat Pennsylvania;Entry:2bc15737-7eeb-4abc-8baf-ac0e0c284990;
2022/12/9/23502485/republicans-challenge-harris-county-election-result-erin-lunceford-mike-may;Votebeat Texas;Entry:be40de3e-c3fc-46b5-b105-ec36f1eb93e8;
2022/11/28/23482842/undated-ballot-mail-voting-rejection-disparity;Votebeat Pennsylvania;Entry:df11a98a-2fb5-4eb9-8244-80801ae030c3;
2023/1/13/23553994/commonwealth-court-rules-house-special-elections;Votebeat Pennsylvania;Entry:708c486e-da8c-465a-a1db-c53d1dc2a158;
2023/1/12/23552213/texas-legislature-expand-ken-paxton-power-prosecute-election-crimes;Votebeat Texas;Entry:ec5decbd-8ccd-4401-9e02-3cfedc6fc967;
2021/9/13/22671722/federal-election-funding-threats-election-workers-new-laws;Votebeat;Entry:3e81eb68-86cb-4d4a-becf-0d1dd1b6fe9a;
2022/1/25/22901876/pennsylvania-primary-2022-redistricting-delays;Votebeat Pennsylvania;Entry:cbbadb57-2b4d-45f5-9272-03ed7a59283e;
2021/6/5/22640442/were-seeing-who-will-and-wont-confront-the-big-lie;Votebeat;Entry:0aa0b784-6809-467f-9b97-e18dd2c89248;
2022/11/10/23450191/maricopa-election-result-delay-ballot-counting;Votebeat Arizona;Entry:770076fc-24ce-4ff4-a410-86a748735eb4;
2023/4/14/23683305/philadelphia-mayoral-election-2023-voter-turnout;Votebeat Pennsylvania;Entry:2b2baf7c-3d0d-45b6-8f2a-0cd623457104;
2023/6/5/23746653/nevada-harassment-election-workers-law-crime-threats;Votebeat;Entry:81fccce8-92a9-4a93-9199-4ea66bc1b04e;
2021/8/12/22454753/pa-s-political-mapmakers-finally-have-new-census-data-now-the-hard-work-begins;Votebeat;Entry:fea46e20-7dce-4b0d-9934-c82a79bab6ac;
2023/4/24/23692850/dominion-fox-news-lawsuit-settlement-justice-accountability;Votebeat;Entry:8dc2c4fa-63b2-4a96-9fe4-5c51227caa03;
2022/1/10/22877755/jan-6-prevention-democrats-voting-policy;Votebeat;Entry:fb72bb82-94d5-4543-8251-3689eea2e2bf;
2022/5/9/23058809/ohio-primaries-split-legislative-redistricting-maps-limbo;Votebeat;Entry:6775142b-7b9d-4a81-b414-e10ddf294edb;
2021/5/29/22640449/a-look-into-the-kitchen-where-restrictive-voting-laws-are-cooked-up;Votebeat;Entry:b9299934-42eb-43b8-ac1f-be7222bd29a7;
2023/5/17/23727762/texas-eric-bill-voter-roll-program-conspiracy-theory;Votebeat Texas;Entry:c7d23b14-0d6f-40ba-8ebd-6344fc753552;
2022/2/25/22950155/pennsylvania-redistricting-congressional-map-supreme-court-pick;Votebeat Pennsylvania;Entry:df06edb9-f74f-4864-ace3-d8b76883b9fe;
2022/6/13/23163094/elections-grants-donations-zuckerberg-bans;Votebeat;Entry:e51f3823-3b8c-4751-857f-3c6e3b165a7b;
2021/6/28/22627746/state-local-officials-push-congress-to-include-20-billion-for-elections-in-infrastructure-funding;Votebeat;Entry:39ff9588-ebb6-4103-85d3-0c89d24da5b4;JUOW63OA6ZETHABWHHUZ42VZ5Q
2023/5/23/23735186/legislature-eliminate-harris-county-election-administrator-oversight;Votebeat Texas;Entry:8094b908-c561-4087-bfc6-4c7723ee96ce;
2020/5/23/23137032/jessica-huseman-elections-journalist-voting-editorial-director;Votebeat;Entry:44aa84dc-dc8a-4d18-9261-84ecea8f6b42;
2023/6/16/23763964/luzerne-county-2022-ballot-paper-shortage-da-investigation;Votebeat Pennsylvania;Entry:a141df28-fa48-49b7-8017-adcdc61f39d6;
2022/6/27/23182301/texas-election-journalism-voting-underrepresented-communities;Votebeat Texas;Entry:8fec25f5-a86a-4668-9d0b-1445ddc907a7;
2022/3/2/22959221/alex-halderman-dominion-report-georgia-bmd-lawsuit;Votebeat;Entry:2382b4d1-06d1-4b44-b991-71ee36523a27;
2020/11/11/22749445/proud-of-my-city-turnout-down-but-milwaukees-black-voters-leapt-hurdles-to-vote;Votebeat;Entry:a34062b4-385a-40cb-bcdf-941e0ce413e6;
2022/10/11/23399044/cochise-county-hand-count-ballots-november-election;Votebeat Arizona;Entry:031d5662-56fa-4ab5-877e-1808ff378076;
2023/7/27/23810449/maricopa-county-oki-ballot-printers-fail-election-day;Votebeat Arizona;Entry:af7f0a6e-a261-495d-9fa8-9c126e718aeb;
2023/3/7/23629692/cochise-county-david-stevens-attorney-general-lawsuit-election-supervisors;Votebeat Arizona;Entry:d07e0768-1fe7-4ceb-b112-5e2e6bea3b8e;
2021/12/13/22832346/pennsylvania-redistricting-congressional-map-score-gop-advantage;Votebeat Pennsylvania;Entry:828c8fbb-2f30-41f1-903a-b3b4ad10d1c1;
2022/1/27/22903634/pennsylvania-redistricting-gov-wolf-vetoes-congressional-map;Votebeat Pennsylvania;Entry:b71b6832-2ff0-4a08-9f7c-83338b7fdcd9;
2022/12/9/23502115/recount-costs-prop-3-prop-2-eif-challengers;Votebeat Michigan;Entry:67b79a55-4613-4d1a-aa46-78e999ced4d4;2ELMUOUXVFEGRLXSFNZ6G24PXU
2023/4/25/23698209/cochise-county-bob-bartelsmeyer-elections-director-misinformation;Votebeat Arizona;Entry:99c71f49-87ad-470b-a384-4ab8ff7c18e1;
2022/11/9/23450201/flint-absentee-ballot-poll-challengers-vote-count;Votebeat Michigan;Entry:02a36b4c-391d-48c9-86bd-97735ce82429;NKAS24HAIFES7EG2J6AY737IDA
2020/12/17/23064561/michigans-former-elections-director-on-the-race-factor-in-detroit;Votebeat;Entry:6d951b25-b097-4897-bff6-8584096a76f7;
2022/7/18/23219981/election-officials-lobby-lawmakers-consequences;Votebeat;Entry:b3a8e653-4e91-48c8-b8a4-b5cab222897d;
2022/12/6/23496179/arizona-election-certification-hobbs-lake-cochise;Votebeat Arizona;Entry:fed04cf3-eef3-4ec1-927e-6b0beacb5d0d;
2022/10/31/23428457/elections-disrupt-poll-watchers-drop-boxes-count-canvass;Votebeat;Entry:08653fa4-6838-4f39-ba3a-4dea386327f7;
2022/11/4/23441209/election-certification-vote-count-process;Votebeat Pennsylvania;Entry:c1c8771e-930a-4caa-b1d3-50cfab6ab23f;
2021/10/12/22722392/christy-mccormick-eac-arizona-audit-warren-petersen-text-message;Votebeat Arizona;Entry:9f5726cd-ff34-4377-ac45-430ed66f9e9b;
2022/10/1/23380854/hurricane-ian-elections-storm-voting-disaster;Votebeat;Entry:1bbbb5ce-0c8d-4580-8b95-06e0a395f36b;
2020/11/11/22715592/gop-clerks-typo-in-michigan-fuels-false-vote-dumping-claims;Votebeat;Entry:ff20dd14-8358-4ad5-88a5-9dd268c899d0;
2020/10/27/22711345/how-wisconsin-voters-can-cure-the-hundreds-of-ballots-already-rejected;Votebeat;Entry:d23d3b44-1846-4f0f-a096-bd5c70da0521;
2021/10/23/22742036/congress-election-funding-10-billion-defense-budget;Votebeat;Entry:11af141f-e15b-4d19-a4bf-88f2ddec20c9;
2023/4/17/23682372/sharpiegate-maricopa-county-election-conspiracies;Votebeat;Entry:c1e59c09-91d0-49e1-b94e-d316a1e62364;
2022/6/28/23182366/pennsylvania-voter-registration-roll-maintanance-eric;Votebeat Pennsylvania;Entry:d498241a-19b5-4f5f-9c79-bbb25bbe3783;
2022/11/22/23474242/cochise-mohave-county-election-certification-midterms;Votebeat Arizona;Entry:c0d7e8e1-6b40-457b-9d9e-8a8fce227645;
2021/11/19/22792170/cleta-mitchell-eac-advisory-board-j-christian-adams-commission-civil-rights;Votebeat;Entry:d16e5442-017d-48a1-a4c9-a2d4fa685840;
2023/6/14/23760952/tarrant-county-election-chief-finalists-karen-wiseman;Votebeat Texas;Entry:c0b21cd7-b9d2-4264-adeb-bdb2e24a4d2a;
2022/9/23/23368790/logic-accuracy-test-disrupted-hays-county-john-scott;Votebeat Texas;Entry:6d717643-f415-41f4-b816-7fb6f0076ab6;
2022/6/20/23172941/michigan-election-reporter-voting-rights-journalism;Votebeat Michigan;Entry:f4fc4c3c-e431-4a71-ad6d-efa8fc952225;UBF63RWTEVF7JNLJIV77RKFM7E
2021/7/3/22640397/brnovich-dnc-supreme-court-decision-arizona-voting-laws-ballot-barriers;Votebeat;Entry:fb72bcf9-5500-43db-a929-f61e083ee2eb;
2022/8/24/23320771/ken-paxton-ballots-public-records-election-security;Votebeat Texas;Entry:e5788c18-f801-44ce-9ec1-6cde18240654;
2021/9/27/22696444/trump-campaign-dominion-memo-eric-coomer;Votebeat;Entry:e5b02cf1-c44e-4ec9-aeac-828e0c89ecb0;
2023/2/27/23614236/election-administrator-takeover-bill-harris-county;Votebeat Texas;Entry:251cc4ea-8fcc-4216-aa38-d84040db2c0d;
2022/5/17/23100822/arizona-election-recounts-automatic-bill-proposal-legislature;Votebeat Arizona;Entry:f315887c-6903-414e-8ac2-cb9d0631a8e0;
2021/11/18/22789289/john-scott-texas-secretary-of-state-election-audits-trump-lawsuit;Votebeat Texas;Entry:4a5c2848-0c34-4fcb-8520-bcd86b20b61c;
2022/3/21/22989365/eric-electronic-registration-information-center-republicans-democrats;Votebeat;Entry:e158d00b-7aa4-4090-8a84-470357322fe2;
2020/11/2/22749461/masks-poll-watchers-pandemic-wisconsin-prepares-for-election-day;Votebeat;Entry:6aca7c97-7170-40eb-a755-8fe75e2a25f4;
2021/9/22/22686923/pennsylvania-prison-gerrymandering-incarcerated-districts-policy-rollback;Votebeat Pennsylvania;Entry:e5bc0c14-a046-4326-8b0e-c0ddddcd0503;
2023/2/27/23617802/illegal-voting-felony-penalty-senate-committee-vote;Votebeat Texas;Entry:4c600f4d-3223-4b06-8a44-3802223023e0;
2023/5/26/23739236/county-commissioner-races-voter-fraud-allegations-election-security;Votebeat Pennsylvania;Entry:cf3b525d-59f2-400e-a591-9b7587fcfdb3;
2022/3/18/22984836/pennsylvania-legislative-maps-constitutional-supreme-court-challenges;Votebeat Pennsylvania;Entry:08850151-c5a9-4df7-a415-01a3f43197d8;
2023/6/26/23771295/redistricting-milligan-alabama-native-american-voting-rights-supreme-court;Votebeat;Entry:210609b3-5136-43da-8540-428cc100b502;
2023/2/28/23619597/cochise-county-recorder-david-stevens-election-security;Votebeat Arizona;Entry:d58ad4a7-fc0b-4e9c-aca5-509ca155393b;
2022/11/22/23474313/harris-county-provisional-ballots-state-supreme-court-order;Votebeat Texas;Entry:11307b33-4ea2-4250-81af-d23e21ae38c2;
2023/5/26/23738879/voting-machine-election-data-storage-worm-bill;Votebeat Texas;Entry:d440645c-ccb4-4028-8a5b-827dc2599785;
2023/5/9/23717029/philadelphia-mayor-eleccion-primaria-como-votar;Votebeat Pennsylvania;Entry:5baed4c9-9851-4e87-b20e-f49034871dde;
2022/8/1/23287880/attorney-general-brnovich-dead-voter-investigation-cyber-ninjas;Votebeat Arizona;Entry:b130dbf0-5fc8-411a-bcbc-300ac12b9d09;
2023/5/9/23717424/pinal-county-arizona-election-security-accurate-results;Votebeat Arizona;Entry:003a4213-1a70-46c4-93cc-13bcf1821492;
2022/11/18/23467108/harris-county-texas-election-problems-investigation;Votebeat Texas;Entry:f5e42207-0eef-4592-9e5d-0e964d006841;
2023/4/10/23673986/texas-election-laws-harris-county-legislature;Votebeat;Entry:2cbdf126-ce5b-47d0-bab2-92426d784d85;
2022/11/28/23483348/maricopa-county-election-certification-cochise-vote;Votebeat Arizona;Entry:c3fc1691-e4de-4f36-9fcd-01598561cdd2;
2023/6/5/23747465/maricopa-county-voting-problems-ballot-printers-testing-certification;Votebeat Arizona;Entry:2a13aa33-9d6d-45d0-9385-31d54a12b39c;
2022/1/24/22899155/texas-absentee-ballot-application-rejections;Votebeat Texas;Entry:f21c710e-ddf9-4041-a04c-94d4397501fd;
2022/12/13/23507192/pennsylvania-election-law-reform-voter-id-requirements;Votebeat Pennsylvania;Entry:5bbe68b6-67be-4509-8779-d7c59a49a50f;
2022/6/9/23160377/arizona-mail-early-voting-republicans-support-ban;Votebeat Arizona;Entry:3c6e50a0-ff78-4c92-b7f5-97207814c7b7;
2021/12/23/22852208/pennsylvania-redistricting-state-house-map-score-analysis;Votebeat Pennsylvania;Entry:1313fe4d-5c44-474c-b657-bd4edc590189;
2022/12/29/23531064/pennsylvania-recount-petitions-certification-delay-history;Votebeat Pennsylvania;Entry:d1ba0fd5-4faa-407c-bac2-be6b969172f1;
2021/1/7/22739176/wisconsin-caucuses-pose-thorny-safety-issues-during-pandemic;Votebeat;Entry:7bf77afb-5cc3-4eeb-a8f1-0eddde1c788d;
2023/5/5/23711871/pinal-county-election-results-inaccurate-missing-ballots;Votebeat Arizona;Entry:32de8f96-f902-426e-a377-99968cddd3fa;
2021/7/26/22627685/texas-election-bill-voter-id-number-matching-problem;Votebeat Texas;Entry:a5511fe6-0f6d-402f-8755-78b1458f93af;
2022/10/7/23393718/true-the-vote-konnech-lawsuit-data-china;Votebeat Texas;Entry:37cac066-d505-41da-b96f-ad4d017d2c1f;
2022/10/17/23404589/redistricting-nury-martinez-supreme-court-voting-rights-act;Votebeat;Entry:53f501fc-ee29-4ff2-9827-8e473995dc66;
2022/9/15/23355230/democracy-day-voter-roll-maintenance-public-records-cast-vote-record;Votebeat;Entry:75dcc1b2-a138-422b-b1e3-5c4b866a329b;
2023/1/4/23539832/pinal-county-election-virginia-ross-bonus;Votebeat Arizona;Entry:6080d699-8907-496d-add4-c901777acf9c;
2021/9/7/22661105/madison-cawthorn-bloodshed-rigged-elections-remark;Votebeat;Entry:c801955a-ab44-478a-8db2-64153f801be1;
2023/4/25/23697362/pennsylvania-precanvassing-bill-mail-ballot-counting-election-results;Votebeat Pennsylvania;Entry:8ec13af0-43f8-457a-b9da-6fb798f20749;
2022/5/16/23071375/elections-trustworthy-voter-mistrust-fraud-allegations;Votebeat;Entry:afd7ef21-b7f5-492e-82b0-9fbf37e12c74;
2021/12/21/22848182/heritage-foundation-election-integrity-scorecard-state-ranking;Votebeat;Entry:fe75f930-a5eb-4674-b74a-10fb51c96d0b;
2022/3/14/22971808/votebeat-reader-survey-audience-engagement-journalism;Votebeat;Entry:2e72f56c-7c0a-47b8-b3a1-b0efb957ce55;
2021/8/16/22627700/arizona-republican-audit-cyber-ninjas-maricopa-county-attack-on-election;Votebeat Arizona;Entry:b453111e-d1d1-4edf-8d5a-863eae29b27f;
2022/3/14/22977525/pennsylvania-redistricting-supreme-court-opinions-congressional-map;Votebeat Pennsylvania;Entry:afdad471-2c24-4de7-9738-1182ce958ebc;
2021/7/17/22627647/texas-democrats-house-walkout-republican-election-bill;Votebeat Texas;Entry:c15aa671-c11f-4c24-a3a8-26313b6f6760;
2022/10/17/23409399/vote-by-mail-ballot-pennsylvania-election;Votebeat Pennsylvania;Entry:189381a0-11ac-4708-8964-7d65f680163e;
2023/1/11/23550312/arizona-election-reforms-lawmakers-2022-voting-problems;Votebeat Arizona;Entry:0598f5b5-97dc-4c4c-bb45-cd8e7c934a0b;
2021/4/11/22627939/theres-nothing-hypocritical-about-punishing-georgia-for-punishing-voters;Votebeat;Entry:c96785fa-573f-4fb4-819a-704e922e8235;
2021/5/28/22641479/mark-zuckerberg-helped-some-pa-counties-survive-the-2020-election-right-wing-lawmakers-say-that-was-unfair;Votebeat;Entry:e336aac4-962f-412e-9527-ba7d3a68d4cd;
2022/1/10/22877782/pennsylvania-redistricting-congressional-vote-scheduled;Votebeat Pennsylvania;Entry:2f6ed6c4-dc91-45e6-a411-d8a8ac38acab;
2021/11/8/22770173/new-jersey-election-day-problems-delayed-results;Votebeat;Entry:a159e033-452a-466f-bd70-f6c6a114b106;
2021/7/10/22640384/texas-republicans-election-bill-special-session;Votebeat Texas;Entry:8275578a-0dfa-48d0-8dd3-cb0aa6985523;
2023/5/9/23716895/county-commissioner-database-election-security-voter-fraud-allegations;Votebeat Pennsylvania;Entry:83f445cb-016c-4224-95a5-26bc95751f2e;
2023/5/24/23736830/hb1243-illegal-voting-felony-intent-requirement;Votebeat Texas;Entry:226a43fe-af96-46f0-9eeb-4cd9e285ac73;
2021/10/29/22753257/facebook-spanish-language-election-information-2020;Votebeat;Entry:5a6e7d20-4c59-4297-9b3c-cb3f847fd255;
2022/12/8/23500457/maricopa-county-ballot-printer-tabulator-voting-problems-phoenix;Votebeat Arizona;Entry:b25ff4b3-9ab6-4fc6-bfa7-f80beade2111;
2023/1/16/23553687/stop-the-steal-recounts-petitions-certification-elections;Votebeat;Entry:e125357a-2470-4a43-8355-34914e0e058b;
2022/2/28/22954834/eric-voter-registration-program-member-states;Votebeat;Entry:9f88c348-b7db-4d0c-a5b8-0a000baa12de;
2022/12/2/23490560/boards-canvassers-election-certification-prop-2;Votebeat Michigan;Entry:db571fc9-b539-4db9-adda-68431fb3ab32;
2023/3/14/23638888/ken-bennett-diy-election-audit-bill-public-ballot-images;Votebeat Arizona;Entry:b1dbd7e7-b0cf-4248-b6b8-00234d63e660;
2020/5/23/23137027/arizona-elections-reporter-cyber-ninjas-audit;Votebeat Arizona;Entry:1caa018e-9991-4c1f-8c81-746f3433ed67;
2021/12/10/22828080/potter-county-primary-election-2022-republican-party-hand-marked-paper-ballots;Votebeat Texas;Entry:d2febb06-80b5-43a2-99e6-dd78d0b7e479;
2021/10/25/22744821/virginia-early-voting-increase-2021-gubernatiorial-election;Votebeat;Entry:c0ecbd61-a4f5-4fa2-b827-2e803ba029a8;
2022/11/7/23440636/true-the-vote-catherine-engelbrecht-gregg-phillips-konnech;Votebeat;Entry:9e7bcdfd-4c24-42c0-a4b8-7658538973b8;
2023/3/21/23643775/live-event-pennsylvania-unequal-voting-rules;Votebeat Pennsylvania;Entry:11f1870d-0c8f-4bd4-ab06-a1f0d6c70cef;
2022/11/3/23438048/navajo-nation-apache-county-native-american-voting-access;Votebeat Arizona;Entry:c24d1ba8-7585-4781-b175-91faad66cdca;
2022/1/18/22888945/biden-voting-rights-speech-atlanta-democrats-bill-filibuster;Votebeat;Entry:25424f9b-f75a-47ae-91cb-2927feb2ea55;
2022/10/15/23405143/how-to-vote-in-texas-midterm-elections;Votebeat Texas;Entry:66cb68cc-4dd1-4797-bedd-7f38d1b74b40;
2023/5/4/23711671/alan-vera-death-true-the-vote-texas-election-bills;Votebeat Texas;Entry:babfa0bd-3a65-47f2-8cf8-427fb45af8eb;
23132732/questions-about-voting-elections-reader-survey;Votebeat;Entry:ec680c19-839b-44ba-a831-4cdb544c9c48;
2022/11/18/23467044/university-michigan-msu-election-day-lines;Votebeat Michigan;Entry:8342db98-eae1-400c-816a-c2ee8b675267;
2023/3/9/23630956/texas-withdraw-eric-voter-rolls-electronic-registration-information-center;Votebeat Texas;Entry:c2d62a7f-3739-41a4-ac14-71326358125d;
2022/2/16/22937235/supreme-court-alabama-congressional-map-purcell-rule;Votebeat;Entry:c21d7aab-28a6-414b-9755-4ab659404e45;
2023/7/20/23802055/shelby-township-clerk-accused-of-being-false-elector-stripped-of-elections-duties;Votebeat Michigan;Entry:b6df3a90-41f4-4ad8-8828-75c9ced0e66d;
2023/7/20/23802121/texas-resigns-eric-voter-rolls-electronic-registration-information-center;Votebeat Texas;Entry:2fe4f20a-7700-41d0-aa85-f1f06541aac3;
2020/11/25/22749452/could-lawmakers-mess-with-wisconsins-10-electoral-votes-possibly;Votebeat;Entry:46c1cea4-0356-453d-a66d-4aa7b61120cf;
2020/12/9/23064564/dominion-voting-claims-of-detroit-elections-fraud-false-and-inaccurate;Votebeat;Entry:cf118fcc-9a02-44ff-81c1-9450302eaf7e;
2021/9/20/22683960/pennsylvania-election-audit-crosscheck-voter-registration-subpoena;Votebeat Pennsylvania;Entry:957571d1-626f-48a5-ab03-4639ba97cc71;
2021/7/24/22627657/election-administrator-input-texas-election-bill;Votebeat;Entry:ce49b7ed-9cb6-4063-a678-492cbde20c63;
2023/5/26/23738019/votebeat-anniversary-election-news-voting-impact;Votebeat;Entry:4554efa4-110f-41c7-99c7-d8a251f27e78;
2023/1/23/23564306/democracy-crisis-optimism-godels-loophole-frankfurter;Votebeat;Entry:3d79b324-1e98-4c5e-8263-3d044cf695e0;
2022/10/24/23416283/report-voting-difficulties-election-rules;Votebeat;Entry:79567d72-1fd8-4755-9903-bf1703eb40b3;
2022/12/21/23521764/michigan-recount-certification-prop-2-prop-3-eif;Votebeat Michigan;Entry:4e464e69-4e06-49d8-bd2e-39381f920127;
2021/7/1/22640461/redistricting-reform-in-pa-is-dead-for-now-advocates-say-so-whats-next;Votebeat;Entry:02b48f92-6637-4bdd-9f9a-f00b0a04ec27;
2022/7/18/23268819/logic-accuracy-tests-county-elections-equipment-yuma-voting;Votebeat Arizona;Entry:dff1989b-0f5c-4ca2-958e-ce32f4864dd8;
2023/1/27/23574722/voting-reporter-election-journalism-local-impact;Votebeat Pennsylvania;Entry:04a2e969-d8f4-42df-bd68-699e40be8515;
2023/1/5/23539933/al-schmidt-secretary-state-commonwealth-nomination;Votebeat Pennsylvania;Entry:82fee62c-ea1f-409a-a86e-def23c07d757;
2022/9/22/23367516/tabulator-security-deperno-dar-leaf-investigation-sharon-olson;Votebeat Michigan;Entry:0e5b2c9e-f1d1-43dc-ae3b-b870aacca01a;
2021/8/9/22617330/biden-voting-rights-bill-filibuster-congress;Votebeat;Entry:d60955d3-9e92-48fe-9475-74a46f35cea9;
2022/4/11/23021197/private-election-grant-bans-ctcl-2020-outside-funding;Votebeat;Entry:513f6271-3b0f-4e11-859a-eb6e2f120bd0;
2023/5/2/23708015/legislature-harris-county-election-administrator-position;Votebeat Texas;Entry:0c57b94d-5ec4-4b28-933f-dcb735961aef;
2022/8/22/23312841/poll-watcher-increases-election-observer-rules;Votebeat;Entry:da3c0c71-ebbd-4ca7-87b8-16043220e9ad;
2022/12/1/23488003/recount-petitions-delay-certifications-without-evidence;Votebeat Pennsylvania;Entry:ca5e7c44-b1a8-4bd1-9624-d430c754219c;
2023/7/20/23800769/harris-county-texas-voting-problems-election-office-sb-1750;Votebeat Texas;Entry:39dca1d9-a71b-48b2-a9af-b2d36e237b3c;
2022/11/14/23454111/heider-garcia-tarrant-county-election-transparency;Votebeat Texas;Entry:572df837-b613-4192-ac24-d4327dc3eb0e;
2022/11/10/23451220/act-88-continuous-mail-ballot-counting;Votebeat Pennsylvania;Entry:b4281415-4bda-4db1-85b7-1cbf30f45c41;
2023/2/15/23601266/luzerne-county-voting-problems-ballot-paper-shortage-turnover;Votebeat Pennsylvania;Entry:b51a8ff9-cdde-46fb-aa89-bc3f706a8c56;
2023/6/9/23754741/voters-disabilities-texas-accessible-ballot-curbside;Votebeat Texas;Entry:318d75ce-d1b8-4d5a-a72a-785f56a93578;
2023/2/7/23590010/prop-2-early-voting-in-person-drop-boxes-mail-ballots;Votebeat Michigan;Entry:793a8cce-a730-4e25-9fc7-32cfda094283;
2023/6/27/23775821/philadelphia-undated-mail-ballot-rejection-disparity-disenfranchisement;Votebeat Pennsylvania;Entry:813c5749-fab6-4736-8d54-0e72c87f1fa3;
2020/10/29/22711658/ballot-drop-boxes-offer-a-safe-place-for-voting-in-wisconsins-election;Votebeat;Entry:abd7855b-0783-4577-abbf-f627730d2952;
2021/11/15/22783044/threats-election-workers-reuters-police-investigations-prosecutions;Votebeat;Entry:227d2e6d-a321-4e7f-9f55-72e988e615c8;
2022/1/21/22895320/pennsylvania-redistricting-house-senate-maps-final-stretch;Votebeat Pennsylvania;Entry:7f86bc79-5065-4cb0-9f3e-39d4f2e330de;
2023/5/15/23721901/aghogho-edevbie-deputy-secretary-state-voting-rights;Votebeat Michigan;Entry:5fe55fc7-ae03-4423-a26b-e19c772a9690;
2023/5/23/23735275/texas-eric-withdrawal-voter-roll-program-election-integrity;Votebeat Texas;Entry:afa6a559-7351-45db-98a6-b55f47095f04;
2020/11/18/22711339/checks-and-balances-inside-the-life-cycle-of-a-wisconsin-absentee-ballot;Votebeat;Entry:9c73d511-f968-4ac4-b876-4862df69c28d;
2022/11/9/23450215/door-3-ballots-voting-problems-maricopa-county-phoenix;Votebeat Arizona;Entry:7cac458c-4f0b-4c7c-aba5-2c523f95441d;
2023/7/19/23799674/hand-counting-ballots-arizona-elections-legal;Votebeat Arizona;Entry:3816d0c4-0608-4f7a-aeed-5b5d7c0a7bda;
2022/10/31/23433273/gregg-phillips-catherine-engelbrecht-jailed-contempt-konnech;Votebeat Texas;Entry:6a9a9545-1ef3-406e-837a-7466b3f51fe5;
2023/3/9/23632350/dush-state-government-committee-election-legislation;Votebeat Pennsylvania;Entry:3144d9db-2d2f-4de2-bcc4-1c78f4177bb7;
2023/2/28/23618805/maricopa-elections-printer-problems-investigation;Votebeat Arizona;Entry:2a61667e-740f-4db7-88e3-0de4b06f1612;
2023/4/10/23678055/maricopa-county-election-day-investigation-oki-printers;Votebeat Arizona;Entry:e3a595fc-9f11-4ae8-ba20-c6d1c649195e;
2023/1/9/23542577/january-6th-congress-election-funding-electoral-count-act;Votebeat;Entry:1ca8681f-13ff-4804-9c6a-4daa6f1ac7d3;
2022/4/18/23031029/pennsylvania-redistricting-reform-changes-whats-next;Votebeat Pennsylvania;Entry:f49392d1-f6f4-4b29-9df3-a3e4971d2c49;
2021/12/6/22820449/president-biden-voting-rights-bully-pulpit;Votebeat;Entry:487ae4b3-0408-4f04-8243-05ce45c979ea;
2021/12/17/22841580/pennsylvania-redistricting-state-house-senate-maps;Votebeat Pennsylvania;Entry:7e538f0d-ca76-43d2-963b-45ae439b4b25;
2022/9/23/23369240/election-logic-accuracy-test-tarrant-county-heider-garcia;Votebeat Texas;Entry:e28707d8-a060-4787-820c-db805077b1ca;
2023/3/28/23660626/pennsylvania-commonwealth-court-ballot-curing-lawsuit;Votebeat Pennsylvania;Entry:1e343695-2ae9-4f44-8330-7d7922b2d827;
2022/9/5/23333203/facebook-elections-misinformation-ads;Votebeat;Entry:6d5121c7-1368-4332-a197-8a87f017e03d;
2022/7/25/23274258/nased-conference-security-election-officials-threats-harassment-violence;Votebeat;Entry:825e94a1-9c98-4a00-bd9b-4bd1f349c836;
2023/4/27/23699814/tarrant-county-election-official-hiring-heider-garcia-replacement;Votebeat Texas;Entry:96646038-901c-44fd-87bd-e8aab23803e9;
2022/5/24/23139107/votebeat-nonpartisan-election-administration-journalism;Votebeat;Entry:68a615c0-c786-408c-be34-cf6dba17ef07;
2023/6/1/23744697/harris-county-elections-state-oversight-law;Votebeat Texas;Entry:fd98151a-1cd9-45d4-98d2-a9cb4abafe0c;
23299774/reader-advisory-board-application-votebeat;Votebeat;Entry:f8e67896-e9be-4313-a707-f9a3aeea0d3f;
2021/10/28/22749451/despite-transparency-vows-much-of-pa-s-redistricting-still-takes-place-behind-closed-doors;Votebeat Pennsylvania;Entry:9554c838-bf8f-42b3-819f-557c1583d3b2;
2022/8/8/23293640/elections-official-threats-senate-hearing-ted-cruz;Votebeat;Entry:3fee0cbd-d900-41d5-8961-150aec5730fa;
2023/4/11/23679463/eric-electronic-registration-information-center-gateway-pundit-voter-fraud;Votebeat;Entry:158d5305-0bc2-4815-a5ba-e3fd39278703;K5D4K3PIDFH5JM2S4X4M4ITR3I
2021/6/30/22640466/pennsylvania-governor-vetoes-gop-led-election-overhaul-citing-voter-id-restrictions;Votebeat;Entry:1012b338-747a-4f62-9ad8-32ad1ac74658;
2023/2/23/23612036/senate-bill-2-illegal-voting-felony-criminal-intent;Votebeat Texas;Entry:88007362-7697-4ff3-8eff-7a7a256c8c08;
2023/2/22/23610637/attorney-general-election-integrity-unit-brnovich-mayes;Votebeat Arizona;Entry:9ca13f2d-8263-4ab2-b70d-f5a24a9372d7;
2022/9/30/23380353/patrick-byrne-the-america-project-interviews-operation-eagles-wings;Votebeat;Entry:8d8f9d84-0bf3-4a0f-9bcd-9d42fc7b97a0;RVMJ7YD7ABFJ5D2M5DZNKJSAA4
2022/8/1/23288017/pinal-county-election-director-turnover-staff-shortage-ballot-errors;Votebeat Arizona;Entry:579b7c48-b340-4c4e-a2cc-d1a0fabab907;
2022/12/9/23501909/election-2020-audit-subpoena-doug-mastriano-tom-wolf;Votebeat Pennsylvania;Entry:b383cc4d-4312-4a04-a1e5-b3005de21e18;
2021/8/14/22627209/mike-lindell-cyber-symposium-qanon-dhs-warning-election-official-threats;Votebeat;Entry:4093dd47-fc26-422a-a415-83796819766c;
2023/5/22/23729845/adrian-fontes-election-funding-lawmakers-cash;Votebeat;Entry:11e296b0-c78d-4178-aec9-f1f448b9b192;
2022/6/6/23153357/ken-paxton-texas-voting-rights-voter-fraud-prosecution;Votebeat Texas;Entry:5575e890-5881-4c88-af54-014c90f68e3d;
2023/3/27/23654791/eric-misinformation-conspiracy-theories-states;Votebeat;Entry:2cecd2f7-d5ca-41f6-850b-cb9ba03cd4e5;
2022/8/15/23302394/election-night-results-delays-hand-counted-ballots;Votebeat;Entry:b807665e-3677-491b-aac3-b9267b1537aa;
2021/6/22/22640471/as-pa-house-advances-doomed-election-overhaul-senate-gop-charts-different-course-to-voter-id-other-changes;Votebeat;Entry:bdae7781-891a-44fd-9856-c5f2a27a6a8e;
2022/5/23/23132753/pennsylvania-primary-election-delayed-results-lancaster-ballots;Votebeat Pennsylvania;Entry:fbf645ed-1230-4780-a7f9-e90bd2e954b5;
23045551/eric-electronic-registration-information-center-voter-roll-matching-program;Votebeat;Entry:6c93d66d-0951-4dd2-8aeb-7df178a63c6c;
2023/8/7/23820725/cochise-county-authentix-mark-finchem-arizona-election-ballot-security-watermarks;Votebeat Arizona;Entry:8a73eb1e-dbcf-46dd-858b-3c8a9c36aae3;
2022/10/12/23401796/fredericksburg-election-lawsuit-laura-pressley-jeannette-hormuth;Votebeat Texas;Entry:eca4ceea-68f5-4308-ac5a-ee5b6e9c0528;
2022/3/8/22966047/what-went-wrong-with-harris-countys-primary-in-texas;Votebeat Texas;Entry:74e29fca-91c8-444a-b3f1-a30491fd043c;
2022/2/7/22922667/pennsylvania-redistricting-congressional-map-recommendation;Votebeat Pennsylvania;Entry:1a81be36-dd06-4cb8-9aa7-ff433b8a608e;
2022/12/30/23532792/harris-county-election-problems-ballot-paper;Votebeat Texas;Entry:594c2f43-9aee-40cc-a7d5-81c5ddf71d24;
2022/2/8/22923776/pennsylvania-redistricting-final-state-house-map-analysis-score;Votebeat Pennsylvania;Entry:9200021b-1355-4c11-92fe-fc9dcf84b987;
2022/10/18/23410059/maricopa-county-ballot-small-text-size-readability;Votebeat Arizona;Entry:09195a95-1cd8-446c-a5b6-481db9724ad0;
2022/11/9/23450283/election-day-smooth-problems-maricopa-harris;Votebeat;Entry:5a303416-7001-46b7-852c-cc55d656d8f9;
2023/5/2/23707397/harris-county-texas-election-bills-eric-voting-rights-bettencourt;Votebeat Texas;Entry:4c80c8ff-14e7-4d32-95d3-d97d4ea2eb92;
2020/5/23/23138337/pennsylvania-election-reporter-security-voting-rights-misinformation;Votebeat Pennsylvania;Entry:9f03cf4a-c2c6-49b0-8d88-1d89a94a02b6;
2023/6/16/23764136/tarrant-county-election-administrator-hire-clinton-ludwig;Votebeat Texas;Entry:743bb445-7498-44ee-8b20-9d897e6db48f;
2022/12/5/23490505/election-certify-arizona-cochise-procedural;Votebeat;Entry:5d498e83-00b1-400d-8a8b-b1e512ccfde5;
2022/3/14/22976936/eric-voter-registration-matching-states-data;Votebeat;Entry:6e073794-21bc-4511-9ce7-d0a405e0eeaf;7PFT5TIFRBG7TB5H465SYXQ4FM
2023/5/18/23728987/columbia-county-election-day-primary-2023;Votebeat Pennsylvania;Entry:be8d4c7f-0bc8-458b-98bf-297a26c1b4a3;
2021/6/12/22640434/will-election-administrators-dreams-finally-come-true;Votebeat Pennsylvania;Entry:bd2cf5a3-3658-4165-ae29-0d70a69f22fa;
2023/3/27/23658738/maricopa-county-rejected-veteran-ballot-howard-abe-hamadeh;Votebeat Arizona;Entry:2fbd536a-3ede-49f3-a86d-ae7228b8b45a;
2022/10/21/23416327/cochise-county-hand-count-ballots-secretary-state;Votebeat Arizona;Entry:1125c1de-eb5b-44a1-b842-360f5e250fea;
2022/8/3/23291544/stephen-richer-maricopa-elections-pentel-pen-conspiracy;Votebeat Arizona;Entry:8c143c59-d28a-4e0a-91a7-76114faeb7c4;
2023/2/27/23616276/fox-news-texts-dominion-lawsuit-election-funding;Votebeat;Entry:fb66c79b-12e6-4208-8872-0b28c679cdcb;
2023/2/20/23605830/nass-nased-election-funding-secretary-fontes;Votebeat;Entry:0538b221-81db-444c-b97e-15c13ee912f3;
2022/9/12/23344351/lindell-records-requests-elections-fraud-cast-vote-records;Votebeat;Entry:8ddb97f5-7656-4a12-b6a8-daa48730ef75;
2022/11/7/23446052/catherine-engelbrecht-gregg-phillips-jail-konnech-defamation-case;Votebeat Texas;Entry:06be5c6e-39fe-4f79-a70f-f4cebabf55fb;
2023/7/28/23810643/pennsylvania-act-88-election-budget-grants-mail-ballot-counting;Votebeat Pennsylvania;Entry:18845371-2aa9-4697-9509-3f5026e9a181;
2021/6/10/22641473/pa-gop-proposes-major-election-overhaul-including-stricter-voter-id-and-in-person-early-voting;Votebeat;Entry:a04789c3-0d72-4370-a841-7a14af664df5;
2022/3/28/22999811/ketanji-brown-jackson-supreme-court-voting-rights-election-law;Votebeat;Entry:63c5615b-026e-4071-9a23-c1c425addda5;
2022/8/4/23291926/tarrant-county-citizens-election-integrity-fraud;Votebeat Texas;Entry:cc1dddcd-ab6a-4c7b-8a04-48f880a30614;
2022/12/19/23512581/hobbs-arizona-twitter-censorship-misinformation;Votebeat;Entry:9c4817a8-cdeb-417b-8419-a00929d21022;
2023/7/17/23794882/secretaries-of-state-election-misinformation-social-media-injunction-nass;Votebeat;Entry:82fe5d2d-37b1-4007-bc81-1d94d7e950dd;
2022/5/2/23048935/trusted-source-election-information-voter-education-media;Votebeat;Entry:869c61e5-4072-40fe-9a68-fda096cf985b;
2023/2/9/23593397/pa-senate-election-audit-commonwealth-court-ruling;Votebeat Pennsylvania;Entry:918baf16-6797-4385-a5d0-90d7a05b1455;
2021/1/4/22715575/michigan-election-costs-rise-with-absentee-ballots-will-gop-foot-the-bill;Votebeat;Entry:f54b8710-e332-4c31-a930-fe5a0159dca6;
2022/10/20/23413651/sb1-mail-ballot-rejections-asian-latino-black-voters;Votebeat Texas;Entry:0b3c246d-b3c1-4941-a3ea-c57d03314b7a;
2023/8/7/23820177/trump-indictment-smith-jan-6-capitol-breach-fake-electors-accountability;Votebeat;Entry:29f034a6-e778-4f0b-99ac-b494974c399e;
2020/11/3/22628069/ballot-counting-process-tabulating-machines-election-research;Votebeat;Entry:5fe17b6c-92a7-4557-a299-134c8bbbdf05;
2022/7/27/23279844/combined-primary-ballot-voting-across-party-lines-rejection;Votebeat Michigan;Entry:5ea4074f-3f9a-4d9b-a7b3-39ba5ccb37a1;
2022/10/20/23414963/federal-only-ballot-error-secretary-state;Votebeat Arizona;Entry:b9bc8667-ddec-4c36-be75-357f1d97bda5;
2023/5/8/23060264/philadelphia-election-voting-rights-disability-ada-polling-place-access;Votebeat Pennsylvania;Entry:344ba938-96e9-4440-861a-98b417d8be65;
2023/4/3/23664621/luzerne-ballot-paper-shortage-congress-elections-voter-suppression;Votebeat;Entry:d0135933-81b6-4bff-9a00-5e86e4c4b1a0;
2023/2/7/23589804/cochise-county-elections-recorder-david-stevens-hand-count;Votebeat Arizona;Entry:40a18ddd-a82b-4393-b1b5-fd68cf4829ee;
2022/10/10/23392687/cruz-electoral-count-act-reform-certification-vote;Votebeat;Entry:7b99596a-0eb5-446d-90d3-73cb58e54dcb;
2021/6/26/22640412/justice-department-lawsuit-georgia-voting-law;Votebeat;Entry:d9f5b01a-4c6f-49d8-a036-d28d8bdbdaeb;
2023/3/13/23638826/senate-bill-2-felony-illegal-voting-intent;Votebeat Texas;Entry:ba35983e-8e1f-4222-9f04-4d831043d1a8;
2023/6/27/23775527/arizona-elections-would-have-fewer-rules-under-secretary-of-state-adrian-fontes-new-manual;Votebeat Arizona;Entry:6cf48d63-adda-41ed-9c44-949f82d2b80d;
2022/12/23/23524557/arizona-kari-lake-governor-election-small-ballots;Votebeat Arizona;Entry:3eeec4d6-c72a-4404-b585-8d5974514517;
2023/7/24/23803066/hand-counting-ballots-election-security-france-cyber-ninjas;Votebeat;Entry:6078f7d8-229e-4381-8c64-cf27542d4734;
2022/8/19/23313710/pinal-county-primary-election-ballot-shortages-election-office-troubles;Votebeat Arizona;Entry:7125f59a-7bab-40b5-9868-ea74a24dc096;
2022/11/8/23448335/mail-ballot-continuous-counting-act-88;Votebeat Pennsylvania;Entry:df8b1fef-beb5-4241-a8af-0bd52129e9e3;
2023/5/30/23742562/michigan-youth-vote-preregistration-hb-4569;Votebeat Michigan;Entry:d7fcfb4e-69dc-44d4-81d8-8a621f8ca654;
2022/11/15/23460771/cochise-county-hand-count-ballots-lawsuit;Votebeat Arizona;Entry:623a1817-454f-4161-8fd4-d08f43987b17;
2023/6/28/23777617/pinal-county-election-problems-geraldine-roll-resignation;Votebeat Arizona;Entry:0c01f84d-15a2-42fb-ae9b-17b3c30be5ac;
2020/11/10/22715593/sharpies-didnt-ruin-ballots-in-michigan-in-fact-theyre-often-preferred;Votebeat;Entry:becab7c6-0a1a-41e1-bed8-53511fdd4f78;
2022/3/24/22994069/pennsylvania-redistricting-what-makes-fair-political-map;Votebeat Pennsylvania;Entry:7de7956e-8f16-43a9-9b9c-f60aca09f6d5;
2023/6/12/23755424/alabama-milligan-supreme-court-roberts-kavanaugh-voting-rights-maps;Votebeat;Entry:b406d2e2-1148-4be9-9328-a2b7183ac586;
2023/6/19/23762750/texas-legislature-election-integrity-bills-polling-places;Votebeat;Entry:c0014712-d6e6-43bd-80eb-2b66cf20b477;
2021/5/14/22627928/how-democrats-can-revive-their-doomed-voting-rights-legislation;Votebeat;Entry:97d83e78-2fd5-4314-8afe-da193a430bf3;
2022/7/13/23211624/hb2243-arizona-voter-registration-removals-naturalized-citizens;Votebeat Arizona;Entry:b686c1ec-4a79-4e15-96e4-533273ec24eb;
2023/2/21/23604816/pa-2022-election-drop-box-mail-ballot-curing-scorecard;Votebeat Pennsylvania;Entry:547d25e4-2857-4910-ba0a-38d96f5aadf4;
2023/1/12/23552766/lycoming-hand-recount-2020-election;Votebeat Pennsylvania;Entry:8509e82b-91b7-467c-91c2-d09dbd9e453b;
2022/2/7/22921910/electoral-count-act-reform-bipartisan-proposals-angus-king;Votebeat;Entry:1a688fbb-1884-4422-a7f9-dfe1da99190a;
2023/3/30/23663709/maricopa-county-voter-signature-verification-lawsuit-kari-lake;Votebeat Arizona;Entry:42acdf94-8737-4871-8736-d6654d147ff4;
2021/6/15/22641458/gops-major-election-overhaul-advances-in-pa-house-as-democrats-call-it-a-farce;Votebeat;Entry:7c79e4c8-7e6d-449c-9c6d-ec50b5cbb286;
2021/1/4/23064556/experts-explain-the-most-common-michigan-voter-issues-on-election-day;Votebeat;Entry:2ef6f426-86da-4b20-b50d-37168ff85965;
2022/2/21/22944418/dallas-county-vietnamese-bilingual-ballots-vra-language;Votebeat Texas;Entry:c86681dd-7283-40bf-93dd-5dc7d14bc1f9;
2023/5/25/23737472/pinal-county-election-errors-hand-counting-ballots;Votebeat Arizona;Entry:a83e2808-3833-4a67-85db-b13ba945ea05;
2022/11/8/23446615/arizona-hand-counted-ballots-lawsuit;Votebeat Arizona;Entry:a9442daf-4bc9-4c88-9077-956af0bbf430;
2020/12/15/22711322/a-pandemic-false-fraud-claims-a-misplaced-flash-drive-how-milwaukee-elections-chief-led-high-pressure-vote-count;Votebeat;Entry:52884d5f-ccb5-4167-aa1d-2fec4c507c37;
2022/6/23/23180062/arizona-smart-drop-boxes-ballot-security-features;Votebeat Arizona;Entry:1e75b97d-ab22-4fa1-9f4f-51ace5380311;
2021/5/19/22444654/pennsylvania-2021-primary-polling-place-problems-ballot-shortage-pollworkers;Votebeat Pennsylvania;Entry:83562295-a47e-451c-ad60-a561a96b2b1a;
2021/1/23/22711308/in-evenly-split-wisconsin-partisan-divides-may-only-grow;Votebeat;Entry:c67743ec-62e1-4819-b9f2-c22d338c62c6;
2022/11/21/23466718/partisan-disenfranchisement-maricopa-harris-evidence;Votebeat;Entry:c607e4a6-f89b-4ec8-a0e3-42923aaab1cb;
2021/6/4/22627870/texas-democrats-walkout-republican-election-voting-bill;Votebeat Texas;Entry:7b9bfdaf-61db-492e-9950-ff1751f2fb5c;
2022/12/12/23502249/moore-harper-oral-argument-consequences-elections;Votebeat;Entry:99feab76-6f38-44b8-b176-ae78c8cb7cec;
2022/11/11/23454253/arizona-voting-problems-ballot-tabulator-printer-settings;Votebeat Arizona;Entry:be346724-44ad-400f-ae67-c38cb3f895ea;
2020/10/19/22715599/coronavirus-sidelines-veteran-poll-workers-adding-to-michigan-election-stress;Votebeat;Entry:fad1b799-9787-46e8-86c6-aa363aec4f2e;
2023/3/16/23643866/voter-registration-list-maintenance-jocelyn-benson;Votebeat Michigan;Entry:1580bab5-d45a-441c-815f-f89578b0707a;
2022/5/28/23144684/voting-laws-turnout-georgia-texas-obstacles;Votebeat;Entry:50f00717-d797-4e57-888f-f33732be7f92;
2020/12/1/22715564/weeks-after-vote-13-fake-fraud-claims-persist-in-michigan-heres-the-truth;Votebeat;Entry:98671650-2668-4db0-9b26-6c210ee10010;
2021/10/31/22754818/adams-township-michigan-clerk-election-qanon-tabulator;Votebeat Michigan;Entry:7e71ba70-d9d6-4611-85ea-63cf57e2919e;
2020/12/12/22715580/trump-dismiss-michigan-votes-gop-didnt-witness-experts-say-thats-absurd;Votebeat;Entry:fd1cfe14-05ec-43ab-a978-18e9bab91f62;
2022/10/18/23409603/register-to-vote-by-mail-ballot-michigan;Votebeat Michigan;Entry:2dd5c980-1877-450d-8d56-c578c71edcc8;GWXSPI3BBNEWLCKJNOUZMCMKMI
2022/12/15/23511254/john-scott-secretary-of-state-election-fraud-activists;Votebeat Texas;Entry:7345ab9a-f45b-464f-af1c-c2908ab25098;
2022/2/21/22944474/pennsylvania-redistricting-congressional-map-supreme-court-hearing;Votebeat Pennsylvania;Entry:35b4f7c1-75a5-4ec1-8eb3-2be6723ebcfe;
2021/7/31/22627246/arizona-partisan-election-audit-ballot-counting-finished;Votebeat Arizona;Entry:f875c526-65c3-4753-a2ca-43883f025999;
2022/10/12/23400974/cochise-county-hand-counting-legal-advice-attorney;Votebeat Arizona;Entry:92b7db48-10b4-4cef-96e5-fa9af6cbdc66;
2022/12/20/23519938/hamadeh-election-lawsuit-trial-lake-claims-dismissed;Votebeat Arizona;Entry:0031c521-5b1f-4c92-8985-ab69fef9e52d;
2021/10/18/22732799/texas-election-audit-bill-paul-bettencourt-trump;Votebeat Texas;Entry:5650d7ac-1ac8-4173-a1dc-0eccae5ecb5f;
2022/2/21/22944460/eric-voter-rolls-louisiana-withdrawal-kyle-ardoin;Votebeat;Entry:7cd8843b-331d-493a-9ee0-5539308d42ef;
2023/2/6/23584565/voter-rolls-clean-purge-misconceptions;Votebeat;Entry:e30702ea-2f09-44fd-889c-233bad7d7603;
2022/9/19/23356542/voter-registration-felony-lawsuit-penalties;Votebeat;Entry:974435b7-bd64-4ae3-812c-0b1880505926;
2023/5/1/23702532/cleta-mitchell-campus-polling-places-student-voting-voter-id;Votebeat;Entry:c5cbe0e6-c31b-415c-8213-393e84eeb5e5;
2023/3/13/23634072/eric-election-integrity-activists-clean-voter-rolls;Votebeat;Entry:e7855edc-333a-4959-8373-23a3e5ef350e;
2022/8/26/23323982/ken-paxton-ballots-public-records-legal;Votebeat Texas;Entry:9040b2bf-addc-43a8-a731-2d20c68f254e;
2022/9/14/23353874/true-the-vote-konnech-lawsuit-catherine-englebrecht-gregg-phillips-tiger-project;Votebeat Texas;Entry:9528cf73-bb23-49cb-b278-797282c2e241;
2022/10/5/23389270/michigan-proposal-2-early-voting-costs;Votebeat Michigan;Entry:8808a3fa-0ed6-46f8-af27-34b766c25401;
2023/1/2/23531478/2023-elections-misinformation-threats-democracy-midterms;Votebeat;Entry:710606f9-b1db-43ae-bc22-e11020619ce7;
2023/7/3/23778372/hanging-chads-lever-machines-online-ballots-flawed-voting;Votebeat;Entry:80409879-edb6-4863-9ca9-94de3f39d887;
2022/10/26/23425841/cochise-county-hand-counting-ballots-audit;Votebeat Arizona;Entry:64831707-f33e-4c48-a0e2-04bfa2c12c88;
2021/1/7/22715558/michigan-officials-faced-violent-threats-well-before-u-s-capitol-siege;Votebeat;Entry:f9e00395-a14c-4c1d-9829-f98a01996455;
2023/5/23/23734617/arizona-elections-voting-machine-ban-fact-check-sonny-borrelli-letter;Votebeat Arizona;Entry:0e58e785-9085-4ffc-a850-3917ba97b652;
2023/1/24/23568489/ken-paxton-ballot-public-records-lawsuits;Votebeat Texas;Entry:f120afc9-26e3-4530-9bf1-5564fd4f6382;
2022/4/25/23040572/zuckerberg-ctcl-grants-arnold-schwarzenegger-election-funding;Votebeat;Entry:5f1f48f7-23c8-4dc9-9bf3-eecabe7bf9fb;
2023/6/26/23774751/al-schmidt-confirmation-hearing-secretary-commonwealth;Votebeat Pennsylvania;Entry:e410797e-70ad-4688-95e9-a9680e2726d5;
2021/11/3/22762246/elections-new-jersey-epollbooks-virginia-witness-signatures;Votebeat;Entry:7770dbcc-1d28-4451-bd1c-41795a7a4270;
2023/2/13/23594541/voting-machines-costs-state-lawmakers-procurement;Votebeat;Entry:7aaff901-8f79-4e5d-a575-0af1e3c6448e;
2023/6/6/23751950/mohave-county-hand-count-ballots-arizona-plan-2024;Votebeat Arizona;Entry:b2ae22b5-12c6-4e94-bace-e77c552fa1fd;
2022/11/8/23447436/maricopa-county-voting-problems-ballot-tabulators;Votebeat Arizona;Entry:0042d985-27e3-4104-8bb9-eb3d902cca15;
2023/3/6/23624031/elections-security-integrity-federal-funding;Votebeat;Entry:f880a489-0345-4f2c-b719-60c90be438eb;
2023/5/27/23740272/illegal-voting-felony-hb1243-intent;Votebeat Texas;Entry:bb053830-12b1-45b6-9ad7-05f0ee877918;
2023/3/1/23621385/gun-ban-polling-places-drop-boxes-house-bill;Votebeat Michigan;Entry:35dbbd0b-19a9-4f35-a8ee-532ca595cadc;
2020/12/3/22711327/despite-a-surge-in-absentee-voting-changes-to-ballot-processing-languish-in-wisconsin;Votebeat;Entry:43c1adad-cc63-49ac-8d4f-e9ae54c68abe;
2022/9/22/23367781/ballot-drop-box-usage-2022-primary-yavapai-yuma;Votebeat Arizona;Entry:75f1cece-f6c4-499d-a01a-ba2ad5173820;
2022/11/8/23448117/mail-ballot-curing-deadline-misinformation;Votebeat Pennsylvania;Entry:89d2ae28-f8e7-489e-92ff-00055367f520;
2023/5/15/23721108/pinal-county-arizona-elections-mistakes-ballots;Votebeat;Entry:f62e5f36-d8dd-4a66-976d-2063925e46b5;
2022/2/4/22923790/pennsylvania-redistricting-legislative-maps-final-vote;Votebeat Pennsylvania;Entry:241379a7-00d7-412f-ad5d-4201f1e5073f;
2023/1/8/23543044/lycoming-county-hand-recount-2020-presidential-election;Votebeat Pennsylvania;Entry:a48bef25-aa10-42c6-aaa1-6b2227f6af0e;
2023/5/8/23712396/north-carolina-supreme-court-moore-independent-state-legislature-voter-id;Votebeat;Entry:f5d72524-4e84-4073-b977-87b4b476a789;
2023/6/20/23767777/texas-voting-mail-ballot-disabilities-abbott-veto;Votebeat Texas;Entry:e268e851-6bbb-4869-b8d1-5bae963bf467;